300,,,,,,,,,,
301,,,,,,,,,,
287,,,,,,,,,,
256,,,,,,,,,,
205,,,,,,,,,,
162,,,,,,,,,,
488,L,Navy,sellable,,,14,11:03.7,11:03.7,1,1
489,L,Navy,sellable,,,14,11:03.7,11:03.7,2,2
490,L,,,,,,,,2,1
433,M,Black,sellable,,,12,11:03.3,11:03.3,2,1
434,M,Black,sellable,,,12,11:03.3,11:03.3,,
435,M,Black,sellable,,,12,11:03.3,11:03.3,,
59348754,M,Black,,,,,,,,
436,M,Black,sellable,,,12,11:03.3,11:03.3,,
437,S,Black,sellable,,,12,11:03.3,11:03.3,,
438,S,Black,sellable,,,,,,,
109,,,,,,,,,,
110,,,,,,,,,,
111,,,,,,,,,,
112,,,,,,,,,,
abc,,,,,,,,,,
113,S,White,sellable,,,4,10:00.9,10:00.9,,
114,S,White,sellable,,,4,10:00.9,10:00.9,,
115,S,White,sel,,,,,,,
116,S,White,sellable,,,4,10:00.9,10:00.9,,
117,L,White,se,,,,,,,
118,L,White,sellable,,,4,10:00.9,10:00.9,,
119,L,White,sellable,,,4,,,,
120,L,White,sellable,,,4,6/5/2014,,,
